Link, Anchor Text
"https://www.webnovel.com/", 
"https://www.webnovel.com/category/list?category=0", 
"https://www.webnovel.com/category/list?category=20014", 
"https://www.webnovel.com/category/list?category=20001", 
"https://www.webnovel.com/category/list?category=20005", 
"https://www.webnovel.com/category/list?category=20042", 
"https://www.webnovel.com/category/list?category=20019", 
"https://www.webnovel.com/category/list?category=30031", 
"https://www.webnovel.com/category/list?category=20050", 
"https://www.webnovel.com/category/list?category=-1", 
"https://www.webnovel.com/search", Search
"https://www.webnovel.com/ranking/power",  Weekly Ranking 1
"https://acts.webnovel.com/2017/59037807", Get the App
"https://inkstone.webnovel.com/", Inkstone
"https://forum.webnovel.com/", Forum
"https://www.webnovel.com/library", Library
"https://www.webnovel.com/message", Inbox
"https://www.webnovel.com/level", 
"https://www.webnovel.com/bill/spirit", 
"https://www.webnovel.com/bill/power", 
"https://www.webnovel.com/profile/4300020580", 
"https://www.webnovel.com/settings", 
"https://www.webnovel.com/invite", 
"https://www.webnovel.com/category/list?category=Xuanhuan", Xuanhuan
"https://www.webnovel.com/profile/1999647331", 
"https://www.webnovel.com/profile/966254448", 
"https://www.webnovel.com/book/6831850602000905/Library-of-Heaven's-Path#bookDetailModal", More
"https://www.webnovel.com/book/6831850602000905/18339109613388324", Continue Reading
"https://www.patreon.com/starvecleric", Support on patreon
"https://www.webnovel.com/book/6831850602000905/Library-of-Heaven's-Path#getAppMod", Read on mobile device
"https://www.webnovel.com/book/6831850602000905/Library-of-Heaven's-Path#about", About
"https://www.webnovel.com/book/6831850602000905/Library-of-Heaven's-Path#contents", Table of Contents
"https://www.webnovel.com/tag/list?tagName=Action", Action
"https://www.webnovel.com/tag/list?tagName=Academy", Academy
"https://book.qidian.com/info/1004179514", 天道图书馆
"https://www.webnovel.com/book/8057964805003305/24297030046250755", How to get Power Stones?
"https://www.webnovel.com/profile/3455226464", 
	

"https://www.webnovel.com/profile/2285163806", 
	

"https://www.webnovel.com/profile/566787317", 
	

"https://www.webnovel.com/profile/1659572903", 
	

"https://www.webnovel.com/profile/4300000813", 
	

"https://www.webnovel.com/profile/4300014538", 
	

"https://www.webnovel.com/profile/4300012130", 
	

"https://www.webnovel.com/profile/176419877", 
	

"https://www.webnovel.com/profile/902243953", 
	

"https://www.webnovel.com/profile/3163654505", 
	

"https://www.webnovel.com/book/7979375206002305/Experimental-Log-of-the-Crazy-Lich", 
			
				
					
				
				
				
				
					Same translator
				
			
			Experimental Log of the Crazy Lich
		
"https://www.webnovel.com/category/list?category=Gaming", Gaming
"https://www.webnovel.com/book/8022472105002805/Super-Gene", 
			
				
					
				
				
				
				
			
			Super Gene
		
"https://www.webnovel.com/book/8799158806001005/The-Path-Toward-Heaven", 
			
				
					
				
				
				
				
			
			The Path Toward Heaven
		
"https://www.webnovel.com/book/8335460805000105/Monster-Paradise", 
			
				
					
				
				
				
				
			
			Monster Paradise
		
"https://www.webnovel.com/book/8052087705003205/The-Strongest-Gene", 
			
				
					
				
				
				
				
			
			The Strongest Gene
		
"https://www.webnovel.com/book/8567129806000505/Paradise-of-Demonic-Gods", 
			
				
					
				
				
				
				
			
			Paradise of Demonic Gods
		
"https://www.webnovel.com/book/6831850602000905/Library-of-Heaven's-Path#reviewModal", 
                    
                        
                    
                    Write a review
"https://www.webnovel.com/profile/3288811121", Hevveh
"https://www.webnovel.com/book/6831850602000905/Library-of-Heaven's-Path#abuseModal", Report abuse
"https://www.webnovel.com/profile/2781465099", Seronis
"https://www.webnovel.com/profile/1681402120", Author
"https://www.webnovel.com/profile/1672428437", iKfur
"https://www.webnovel.com/profile/3668725355", RukitoRin
"https://www.webnovel.com/profile/449702579", soesastro
"https://www.webnovel.com/profile/1317864215", Remember_hayazi96
"https://www.webnovel.com/profile/380224662", Allisrevealed
"https://www.webnovel.com/profile/1800964940", goonsquad
"https://www.webnovel.com/profile/3906405056", PurpleMagicCube
"https://www.webnovel.com/profile/3734538711", Sasha
"https://www.webnovel.com/profile/3421058126", 456123
"https://www.webnovel.com/profile/3582601483", Ain
"https://www.webnovel.com/profile/1978405048", DaoGui
"https://www.webnovel.com/profile/3368236092", Skoobeldoobel
"https://www.webnovel.com/profile/3704354155", Zong_Yang
"https://www.webnovel.com/profile/2493894978", StarMarshes
"https://www.webnovel.com/profile/2047346777", Eshan
"https://www.webnovel.com/profile/3124202634", Lunes
"https://www.webnovel.com/profile/135863215", Techswiki
"https://www.webnovel.com/profile/2738113051", mj_23
"https://www.webnovel.com/profile/4128761898", chrsp
"https://www.webnovel.com/profile/2210782844", Active_Reader
"https://www.webnovel.com/profile/999944629", Mike_Schutzstaffel
"https://www.webnovel.com/profile/1385780411", KangDayong
"https://www.webnovel.com/profile/1175453221", Stanlerz
"https://www.webnovel.com/profile/2794507812", mikkelkun
"https://www.webnovel.com/profile/2805796155", SilverFox0662
"https://www.webnovel.com/profile/725086762", dacrei
"https://www.webnovel.com/profile/337285279", Skif_Katrada
"https://www.webnovel.com/book/6831850602000905/24485751982965561/Library-of-Heaven's-Path/The-Levels-of-Transcendent-Mortal", 448The Levels of Transcendent Mortal
"https://www.webnovel.com/book/6831850602000905/18339109613388345/Library-of-Heaven's-Path/Swindler-", 1Swindler
"https://www.webnovel.com/book/6831850602000905/18339109613388344/Library-of-Heaven's-Path/Shameless-", 2Shameless
"https://www.webnovel.com/book/6831850602000905/18339109613388343/Library-of-Heaven's-Path/Imperfections-in-Heaven's-Path-", 3Imperfections in Heaven's Path
"https://www.webnovel.com/book/6831850602000905/18339109613388342/Library-of-Heaven's-Path/Slapping-Face-", 4Slapping Face
"https://www.webnovel.com/book/6831850602000905/18339109613388341/Library-of-Heaven's-Path/Young-Mistress-", 5Young Mistress
"https://www.webnovel.com/book/6831850602000905/18339109613388340/Library-of-Heaven's-Path/What-Did-You-Do-To-Our-Young-Mistress-", 6What Did You Do To Our Young Mistress
"https://www.webnovel.com/book/6831850602000905/18339109613388339/Library-of-Heaven's-Path/You-Were-Dumped-Before-", 7You Were Dumped Before
"https://www.webnovel.com/book/6831850602000905/18339109613388329/Library-of-Heaven's-Path/I-Am-That-Trash-", 8I Am That Trash
"https://www.webnovel.com/book/6831850602000905/18339109613388330/Library-of-Heaven's-Path/Bet-", 9Bet
"https://www.webnovel.com/book/6831850602000905/18339109613388327/Library-of-Heaven's-Path/Going-Against-the-Bet-", 10Going Against the Bet
"https://www.webnovel.com/book/6831850602000905/18339109613388328/Library-of-Heaven's-Path/Begging-for-Mercy-", 11Begging for Mercy
"https://www.webnovel.com/book/6831850602000905/18339109613388325/Library-of-Heaven's-Path/Emperor-Bloodline-", 12Emperor Bloodline
"https://www.webnovel.com/book/6831850602000905/18339109613388326/Library-of-Heaven's-Path/Shameless-Student-", 13Shameless Student
"https://www.webnovel.com/book/6831850602000905/18339109613388323/Library-of-Heaven's-Path/Cultivation-Technique-", 14Cultivation Technique
"https://www.webnovel.com/book/6831850602000905/18339109613388324/Library-of-Heaven's-Path/Heaven's-Path-Divine-Art-", 15Heaven's Path Divine Art
"https://www.webnovel.com/book/6831850602000905/18339109613388337/Library-of-Heaven's-Path/Cleansing-Muscles-and-Bones-", 16Cleansing Muscles and Bones
"https://www.webnovel.com/book/6831850602000905/18339109613388338/Library-of-Heaven's-Path/Assassination-", 17Assassination
"https://www.webnovel.com/book/6831850602000905/18339109613388335/Library-of-Heaven's-Path/Scammed-", 18Scammed
"https://www.webnovel.com/book/6831850602000905/18339109613388336/Library-of-Heaven's-Path/Framing-", 19Framing
"https://www.webnovel.com/book/6831850602000905/18339109613388333/Library-of-Heaven's-Path/Wang-Ying's-Shock-", 20Wang Ying's Shock
"https://www.webnovel.com/book/6831850602000905/18339109613388334/Library-of-Heaven's-Path/Zephyr-Acupuncture-", 21Zephyr Acupuncture
"https://www.webnovel.com/book/6831850602000905/18339109613388331/Library-of-Heaven's-Path/The-Reason-Behind-Zhao-Ya's-Illness-", 22The Reason Behind Zhao Ya's Illness
"https://www.webnovel.com/book/6831850602000905/18339109613388332/Library-of-Heaven's-Path/Troublemaker-", 23Troublemaker
"https://www.webnovel.com/book/6831850602000905/18339109881823836/Library-of-Heaven's-Path/Throw-Him-Out-", 24Throw Him Out
"https://www.webnovel.com/book/6831850602000905/18339109881823835/Library-of-Heaven's-Path/Looking-for-Trouble-", 25Looking for Trouble
"https://www.webnovel.com/book/6831850602000905/18339110150259294/Library-of-Heaven's-Path/Enlightenment-Will-Trial-", 26Enlightenment Will Trial
"https://www.webnovel.com/book/6831850602000905/18339110150259293/Library-of-Heaven's-Path/The-Frenzied-Wang-Clan-", 27The Frenzied Wang Clan
"https://www.webnovel.com/book/6831850602000905/18339110150259296/Library-of-Heaven's-Path/Enraged-Elder-Mo-", 28Enraged Elder Mo
"https://www.webnovel.com/book/6831850602000905/18339110150259295/Library-of-Heaven's-Path/You-Must-Be-Sick!-", 29You Must Be Sick!
"https://www.webnovel.com/book/6831850602000905/18339110150259298/Library-of-Heaven's-Path/Shen-Bi-Ru's-Shock-", 30Shen Bi Ru's Shock
"https://www.webnovel.com/book/6831850602000905/18339110150259297/Library-of-Heaven's-Path/Heart-of-Tranquil-Water-", 31Heart of Tranquil Water
"https://www.webnovel.com/book/6831850602000905/18339110150259300/Library-of-Heaven's-Path/Hongtian-Pavilion-", 32Hongtian Pavilion
"https://www.webnovel.com/book/6831850602000905/18339110150259299/Library-of-Heaven's-Path/Feigning-Generosity-", 33Feigning Generosity
"https://www.webnovel.com/book/6831850602000905/18339110150259302/Library-of-Heaven's-Path/Scam-", 34Scam
"https://www.webnovel.com/book/6831850602000905/18339110150259301/Library-of-Heaven's-Path/What-is-Happening%3F", 35What is Happening?
"https://www.webnovel.com/book/6831850602000905/18339110150259304/Library-of-Heaven's-Path/Gourmet-", 36Gourmet
"https://www.webnovel.com/book/6831850602000905/18339110150259303/Library-of-Heaven's-Path/Big-Sister-Spare-Me!-", 37Big Sister Spare Me!
"https://www.webnovel.com/book/6831850602000905/18339110150259306/Library-of-Heaven's-Path/Reprise-Bell-", 38Reprise Bell
"https://www.webnovel.com/book/6831850602000905/18339110150259305/Library-of-Heaven's-Path/Frigid-Sun-Mother-Grass-", 39Frigid Sun Mother Grass
"https://www.webnovel.com/book/6831850602000905/18339109881823820/Library-of-Heaven's-Path/The-Master-is-Here-", 40The Master is Here
"https://www.webnovel.com/book/6831850602000905/18339109881823821/Library-of-Heaven's-Path/Treasure-Speculation-", 41Treasure Speculation
"https://www.webnovel.com/book/6831850602000905/18339109881823822/Library-of-Heaven's-Path/Someone-is-Acting-Cool-(1)-", 42Someone is Acting Cool (1)
"https://www.webnovel.com/book/6831850602000905/18339109881823823/Library-of-Heaven's-Path/Someone-is-Acting-Cool-(2)-", 43Someone is Acting Cool (2)
"https://www.webnovel.com/book/6831850602000905/18339109881823824/Library-of-Heaven's-Path/I-Will-Choose-One-", 44I Will Choose One
"https://www.webnovel.com/book/6831850602000905/18339109881823825/Library-of-Heaven's-Path/Tip-", 45Tip
"https://www.webnovel.com/book/6831850602000905/18339109881823826/Library-of-Heaven's-Path/Exposing-the-Scam-", 46Exposing the Scam
"https://www.webnovel.com/book/6831850602000905/18339109881823827/Library-of-Heaven's-Path/Huang-Yu-", 47Huang Yu
"https://www.webnovel.com/book/6831850602000905/18339109881823828/Library-of-Heaven's-Path/What-the-Heck-is-This-Toy-", 48What the Heck is This Toy
"https://www.webnovel.com/book/6831850602000905/18339109881823805/Library-of-Heaven's-Path/How-Did-He-Do-It%3F", 49How Did He Do It?
"https://www.webnovel.com/book/6831850602000905/18339109881823829/Library-of-Heaven's-Path/Peer-", 50Peer
"https://www.webnovel.com/book/6831850602000905/18339109881823830/Library-of-Heaven's-Path/Heaven's-Path-Golden-Body-", 51Heaven's Path Golden Body
"https://www.webnovel.com/book/6831850602000905/18339109881823831/Library-of-Heaven's-Path/Master-Lu-Chen-on-the-Verge-of-Tears-", 52Master Lu Chen on the Verge of Tears
"https://www.webnovel.com/book/6831850602000905/18339109881823832/Library-of-Heaven's-Path/Bai-Xun's-Breakdown-", 53Bai Xun's Breakdown
"https://www.webnovel.com/book/6831850602000905/18339109881823833/Library-of-Heaven's-Path/Hongjin-Pearl-Fruit-", 54Hongjin Pearl Fruit
"https://www.webnovel.com/book/6831850602000905/18339109881823834/Library-of-Heaven's-Path/Surrounded-(1)-", 55Surrounded (1)
"https://www.webnovel.com/book/6831850602000905/18339109881823807/Library-of-Heaven's-Path/Surrounded-(2)-", 56Surrounded (2)
"https://www.webnovel.com/book/6831850602000905/18339109881823806/Library-of-Heaven's-Path/Storage-Ring-", 57Storage Ring
"https://www.webnovel.com/book/6831850602000905/6857454201004600/Library-of-Heaven's-Path/How-Did-He-Do-It%3F", 58How Did He Do It?
"https://www.webnovel.com/book/6831850602000905/18339109613388348/Library-of-Heaven's-Path/The-Frenzied-Students-", 59The Frenzied Students
"https://www.webnovel.com/book/6831850602000905/18339109881823811/Library-of-Heaven's-Path/The-Greatest-Person-", 60The Greatest Person
"https://www.webnovel.com/book/6831850602000905/18339109881823810/Library-of-Heaven's-Path/She-Loves-Me%3F", 61She Loves Me?
"https://www.webnovel.com/book/6831850602000905/18339109881823809/Library-of-Heaven's-Path/Shang-Bin-on-the-Brink-of-Collapsing-", 62Shang Bin on the Brink of Collapsing
"https://www.webnovel.com/book/6831850602000905/18339109881823808/Library-of-Heaven's-Path/Elder-Mo-Xiang-", 63Elder Mo Xiang
"https://www.webnovel.com/book/6831850602000905/18339109881823815/Library-of-Heaven's-Path/Trust-Level-", 64Trust Level
"https://www.webnovel.com/book/6831850602000905/18339109881823814/Library-of-Heaven's-Path/Ten%EF%BC%9F", 65Ten？
"https://www.webnovel.com/book/6831850602000905/18339109881823813/Library-of-Heaven's-Path/This-Can't-Be-True!-", 66This Can't Be True!
"https://www.webnovel.com/book/6831850602000905/18339109881823812/Library-of-Heaven's-Path/The-Arrival-of-the-Wang-Clan-", 67The Arrival of the Wang Clan
"https://www.webnovel.com/book/6831850602000905/18339109881823819/Library-of-Heaven's-Path/Paying-Respect-to-Teacher-Zhang-Xuan-", 68Paying Respect to Teacher Zhang Xuan
"https://www.webnovel.com/book/6831850602000905/18339109881823818/Library-of-Heaven's-Path/Withdrawing-from-Tutelage-", 69Withdrawing from Tutelage
"https://www.webnovel.com/book/6831850602000905/18339109881823817/Library-of-Heaven's-Path/Doubts-", 70Doubts
"https://www.webnovel.com/book/6831850602000905/18339109881823816/Library-of-Heaven's-Path/The-Arrogant-Young-%22Bai-Wang-Ye%22-", 71The Arrogant Young "Bai Wang Ye"
"https://www.webnovel.com/book/6831850602000905/18339109613388346/Library-of-Heaven's-Path/Unable-to-be-Revoked-", 72Unable to be Revoked
"https://www.webnovel.com/book/6831850602000905/18339109613388347/Library-of-Heaven's-Path/Cao-Xiong's-Counterattack-", 73Cao Xiong's Counterattack
"https://www.webnovel.com/book/6831850602000905/6881384601016500/Library-of-Heaven's-Path/The-Education-Bureau-Has-Falsified-Results%3F", 74The Education Bureau Has Falsified Results?
"https://www.webnovel.com/book/6831850602000905/6881487501016900/Library-of-Heaven's-Path/Shang-Chen-Pukes-Blood", 75Shang Chen Pukes Blood
"https://www.webnovel.com/book/6831850602000905/6894107002008800/Library-of-Heaven's-Path/The-Student-Who-Went-Berserk", 76The Student Who Went Berserk
"https://www.webnovel.com/book/6831850602000905/6898937701017700/Library-of-Heaven's-Path/Innate-Sealed-Meridians", 77Innate Sealed Meridians
"https://www.webnovel.com/book/6831850602000905/6916197401018100/Library-of-Heaven's-Path/I-Will-Make-You-Break-Through-in-an-Hour!", 78I Will Make You Break Through in an Hour!
"https://www.webnovel.com/book/6831850602000905/6925066202018300/Library-of-Heaven's-Path/Teacher-Acknowledgement-Fever", 79Teacher Acknowledgement Fever
"https://www.webnovel.com/book/6831850602000905/6942151602018500/Library-of-Heaven's-Path/How-Do-I-Teach-You%3F", 80How Do I Teach You?
"https://www.webnovel.com/book/6831850602000905/6950689902019500/Library-of-Heaven's-Path/I-Would-Like-to-Withdraw-from-Your-Tutelage-(1)", 81I Would Like to Withdraw from Your Tutelage (1)
"https://www.webnovel.com/book/6831850602000905/18681534454219402/Library-of-Heaven's-Path/I-Would-Like-to-Withdraw-from-Your-Tutelage-(2)", 82I Would Like to Withdraw from Your Tutelage (2)
"https://www.webnovel.com/book/6831850602000905/18704578849588935/Library-of-Heaven's-Path/The-Arrogant-Zhu-Hong", 83The Arrogant Zhu Hong
"https://www.webnovel.com/book/6831850602000905/18704590929184456/Library-of-Heaven's-Path/Pummeling-Zhu-Hong-(1)", 84Pummeling Zhu Hong (1)
"https://www.webnovel.com/book/6831850602000905/18704600592860873/Library-of-Heaven's-Path/Pummeling-Zhu-Hong-(2)", 85Pummeling Zhu Hong (2)
"https://www.webnovel.com/book/6831850602000905/18869110188328934/Library-of-Heaven's-Path/Pummeling-Zhu-Hong-(3)", 86Pummeling Zhu Hong (3)
"https://www.webnovel.com/book/6831850602000905/18869122536359911/Library-of-Heaven's-Path/Is-He-Really-The-Worst-Teacher%3F", 87Is He Really The Worst Teacher?
"https://www.webnovel.com/book/6831850602000905/18869135152826344/Library-of-Heaven's-Path/Apothecary-Guild", 88Apothecary Guild
"https://www.webnovel.com/book/6831850602000905/18869145353373673/Library-of-Heaven's-Path/Wen-Xue's-Rage", 89Wen Xue's Rage
"https://www.webnovel.com/book/6831850602000905/18982512424435783/Library-of-Heaven's-Path/Examination-Hall", 90Examination Hall
"https://www.webnovel.com/book/6831850602000905/19005749808119920/Library-of-Heaven's-Path/Three-Rounds-of-Examination", 91Three Rounds of Examination
"https://www.webnovel.com/book/6831850602000905/19028889749733527/Library-of-Heaven's-Path/Just-Give-Up!", 92Just Give Up!
"https://www.webnovel.com/book/6831850602000905/19052317991026880/Library-of-Heaven's-Path/Marking-the-Examination-Papers", 93Marking the Examination Papers
"https://www.webnovel.com/book/6831850602000905/19076041511321843/Library-of-Heaven's-Path/Discernment-Time-Trial", 94Discernment Time Trial
"https://www.webnovel.com/book/6831850602000905/19098621765009730/Library-of-Heaven's-Path/Dragon-Scale-Grass", 95Dragon Scale Grass
"https://www.webnovel.com/book/6831850602000905/19122080322732347/Library-of-Heaven's-Path/I-Will-Give-It-a-Try", 96I Will Give It a Try
"https://www.webnovel.com/book/6831850602000905/19144878009139553/Library-of-Heaven's-Path/Pill-Debate", 97Pill Debate
"https://www.webnovel.com/book/6831850602000905/19168718315635133/Library-of-Heaven's-Path/I-Want-to-Debate-Pills", 98I Want to Debate Pills
"https://www.webnovel.com/book/6831850602000905/19191671426172158/Library-of-Heaven's-Path/A-Completely-Stunned-Ouyang-Cheng", 99A Completely Stunned Ouyang Cheng
"https://www.webnovel.com/book/6831850602000905/19290884348626373/Library-of-Heaven's-Path/Yao-Han's-Doubts", 100Yao Han's Doubts
"https://www.webnovel.com/book/6831850602000905/19290889717335494/Library-of-Heaven's-Path/Zhao-Ya-Is-Moved", 101Zhao Ya Is Moved
"https://www.webnovel.com/book/6831850602000905/19307469901710819/Library-of-Heaven's-Path/To-the-Top-of-the-World", 102To the Top of the World
"https://www.webnovel.com/book/6831850602000905/19400282819578626/Library-of-Heaven's-Path/Fighter-6-dan-Pixue-Realm-(First-Half)", 103Fighter 6-dan Pixue Realm (First Half)
"https://www.webnovel.com/book/6831850602000905/19423569041737797/Library-of-Heaven's-Path/Fighter-6-dan-Pixue-Realm-(Second-Half)", 104Fighter 6-dan Pixue Realm (Second Half)
"https://www.webnovel.com/book/6831850602000905/19516292033727450/Library-of-Heaven's-Path/New-Worries-(First-Half)", 105New Worries (First Half)
"https://www.webnovel.com/book/6831850602000905/19516304113322971/Library-of-Heaven's-Path/New-Worries-(Second-Half)", 106New Worries (Second Half)
"https://www.webnovel.com/book/6831850602000905/19563094275574075/Library-of-Heaven's-Path/Pill-Debate-Begins", 107Pill Debate Begins
"https://www.webnovel.com/book/6831850602000905/19585502730570076/Library-of-Heaven's-Path/Meng-Yan", 108Meng Yan
"https://www.webnovel.com/book/6831850602000905/19609572280945839/Library-of-Heaven's-Path/Tranquil-Heart-Pill", 109Tranquil Heart Pill
"https://www.webnovel.com/book/6831850602000905/19631048174389680/Library-of-Heaven's-Path/You-Are-About-to-Die", 110You Are About to Die
"https://www.webnovel.com/book/6831850602000905/19654531444951530/Library-of-Heaven's-Path/Death-Aura", 111Death Aura
"https://www.webnovel.com/book/6831850602000905/19677978761940259/Library-of-Heaven's-Path/Cheng-Jiang", 112Cheng Jiang
"https://www.webnovel.com/book/6831850602000905/19701323503028799/Library-of-Heaven's-Path/Forging-Technique", 113Forging Technique
"https://www.webnovel.com/book/6831850602000905/19725054807951977/Library-of-Heaven's-Path/Convergence-of-Ten-Thousand-Tributaries", 114Convergence of Ten Thousand Tributaries
"https://www.webnovel.com/book/6831850602000905/19748452195945903/Library-of-Heaven's-Path/Acupoint-Soothing-Pill", 115Acupoint Soothing Pill
"https://www.webnovel.com/book/6831850602000905/19770544685632201/Library-of-Heaven's-Path/Apothecary-Bai-Ming's-Breakdown-(First-Half)", 116Apothecary Bai Ming's Breakdown (First Half)
"https://www.webnovel.com/book/6831850602000905/19793793628818942/Library-of-Heaven's-Path/Apothecary-Bai-Ming's-Breakdown-(Second-Half)", 117Apothecary Bai Ming's Breakdown (Second Half)
"https://www.webnovel.com/book/6831850602000905/19817326023069224/Library-of-Heaven's-Path/The-True-Pill-Debate-(First-Half)", 118The True Pill Debate (First Half)
"https://www.webnovel.com/book/6831850602000905/19840180886228565/Library-of-Heaven's-Path/The-True-Pill-Debate-(Second-Half)", 119The True Pill Debate (Second Half)
"https://www.webnovel.com/book/6831850602000905/19864589722242706/Library-of-Heaven's-Path/Not-a-Thing", 120Not a Thing
"https://www.webnovel.com/book/6831850602000905/19886720614977212/Library-of-Heaven's-Path/Vying-to-Go-First", 121Vying to Go First
"https://www.webnovel.com/book/6831850602000905/19909338164415467/Library-of-Heaven's-Path/Pill-Debate-Ends", 122Pill Debate Ends
"https://www.webnovel.com/book/6831850602000905/19933103577419545/Library-of-Heaven's-Path/Solution-Found", 123Solution Found
"https://www.webnovel.com/book/6831850602000905/19956449409027919/Library-of-Heaven's-Path/Thinking-of-a-Solution", 124Thinking of a Solution
"https://www.webnovel.com/book/6831850602000905/19979376196111459/Library-of-Heaven's-Path/Renting-a-Mansion", 125Renting a Mansion
"https://www.webnovel.com/book/6831850602000905/20002503538036669/Library-of-Heaven's-Path/I-Am-a-Master-Teacher", 126I Am a Master Teacher
"https://www.webnovel.com/book/6831850602000905/20026340321316014/Library-of-Heaven's-Path/List-of-Opponents", 127List of Opponents
"https://www.webnovel.com/book/6831850602000905/20047290920128559/Library-of-Heaven's-Path/No-One-is-Coming", 128No One is Coming
"https://www.webnovel.com/book/6831850602000905/20072404919307561/Library-of-Heaven's-Path/Southern-Green-Jade", 129Southern Green Jade
"https://www.webnovel.com/book/6831850602000905/20095382725905906/Library-of-Heaven's-Path/Is-Your-Family-Doing-Well%3F", 130Is Your Family Doing Well?
"https://www.webnovel.com/book/6831850602000905/20119357501787695/Library-of-Heaven's-Path/Master-Cheng-Yuan", 131Master Cheng Yuan
"https://www.webnovel.com/book/6831850602000905/20141747988386015/Library-of-Heaven's-Path/The-Proud-Sun-Qiang", 132The Proud Sun Qiang
"https://www.webnovel.com/book/6831850602000905/20164857596793097/Library-of-Heaven's-Path/Shut-Outside", 133Shut Outside
"https://www.webnovel.com/book/6831850602000905/20189167094910665/Library-of-Heaven's-Path/The-Doubtful-Du-Yuan", 134The Doubtful Du Yuan
"https://www.webnovel.com/book/6831850602000905/20211715958428026/Library-of-Heaven's-Path/Matter-of-Minutes", 135Matter of Minutes
"https://www.webnovel.com/book/6831850602000905/20234492169998766/Library-of-Heaven's-Path/Master-Teacher-Yang-Xuan", 136Master Teacher Yang Xuan
"https://www.webnovel.com/book/6831850602000905/20257646858784615/Library-of-Heaven's-Path/Touching-Your-Wife", 137Touching Your Wife
"https://www.webnovel.com/book/6831850602000905/20280853389169160/Library-of-Heaven's-Path/Treatable", 138Treatable
"https://www.webnovel.com/book/6831850602000905/20303952528593459/Library-of-Heaven's-Path/Great-Loss", 139Great Loss
"https://www.webnovel.com/book/6831850602000905/20327225060544508/Library-of-Heaven's-Path/News-Spreads-", 140News Spreads
"https://www.webnovel.com/book/6831850602000905/20350480714617494/Library-of-Heaven's-Path/You're-a-Beast-", 141You're a Beast
"https://www.webnovel.com/book/6831850602000905/20373637819322471/Library-of-Heaven's-Path/Kneeling-Outside", 142Kneeling Outside
"https://www.webnovel.com/book/6831850602000905/20397722670519056/Library-of-Heaven's-Path/Fetching-Money", 143Fetching Money
"https://www.webnovel.com/book/6831850602000905/20419979979575497/Library-of-Heaven's-Path/Spear-Expert", 144Spear Expert
"https://www.webnovel.com/book/6831850602000905/20443285025772602/Library-of-Heaven's-Path/Heaven's-Path-Spear-Art", 145Heaven's Path Spear Art
"https://www.webnovel.com/book/6831850602000905/20466480248312115/Library-of-Heaven's-Path/Spear-Intent--", 146Spear Intent
"https://www.webnovel.com/book/6831850602000905/20489548534437024/Library-of-Heaven's-Path/Can-I-Learn-From-You%3F", 147Can I Learn From You?
"https://www.webnovel.com/book/6831850602000905/20512847641498057/Library-of-Heaven's-Path/Student-Dueling-Platform", 148Student Dueling Platform
"https://www.webnovel.com/book/6831850602000905/20536158844932638/Library-of-Heaven's-Path/Zhang-Xuan's-Decision", 149Zhang Xuan's Decision
"https://www.webnovel.com/book/6831850602000905/20558993038561901/Library-of-Heaven's-Path/Imparting-Spear-Art", 150Imparting Spear Art
"https://www.webnovel.com/book/6831850602000905/20582390678213296/Library-of-Heaven's-Path/I-Am-Here-to-Slap-Your-Face", 151I Am Here to Slap Your Face
"https://www.webnovel.com/book/6831850602000905/20605995281601246/Library-of-Heaven's-Path/Treating-Du-Miaoxuan", 152Treating Du Miaoxuan
"https://www.webnovel.com/book/6831850602000905/20628678094411336/Library-of-Heaven's-Path/Stuffed-Yourself-When-You-Were-Full-(Looking-For-It)", 153Stuffed Yourself When You Were Full (Looking For It)
"https://www.webnovel.com/book/6831850602000905/20651940442592906/Library-of-Heaven's-Path/The-Use-of-the-Golden-Book%3F", 154The Use of the Golden Book?
"https://www.webnovel.com/book/6831850602000905/20675337008502488/Library-of-Heaven's-Path/5-star-Incident", 1555-star Incident
"https://www.webnovel.com/book/6831850602000905/20698453311017887/Library-of-Heaven's-Path/Resounding-throughout-the-Capital", 156Resounding throughout the Capital
"https://www.webnovel.com/book/6831850602000905/20721795401307975/Library-of-Heaven's-Path/Painting-Examination", 157Painting Examination
"https://www.webnovel.com/book/6831850602000905/20744828488832013/Library-of-Heaven's-Path/It's-Your-Turn", 158It's Your Turn
"https://www.webnovel.com/book/6831850602000905/20768216464806971/Library-of-Heaven's-Path/Fraudster%3F", 159Fraudster?
"https://www.webnovel.com/book/6831850602000905/20791143017011168/Library-of-Heaven's-Path/The-Fight-Between-Brothers", 160The Fight Between Brothers
"https://www.webnovel.com/book/6831850602000905/20814468179089446/Library-of-Heaven's-Path/Dual-Traversing-Dragons", 161Dual Traversing Dragons
"https://www.webnovel.com/book/6831850602000905/20838022568269022/Library-of-Heaven's-Path/Second-Level%3F", 162Second Level?
"https://www.webnovel.com/book/6831850602000905/20860818912498986/Library-of-Heaven's-Path/I'll-Just-Draw-Another-One!", 163I'll Just Draw Another One!
"https://www.webnovel.com/book/6831850602000905/20883906509198726/Library-of-Heaven's-Path/That-Beast", 164That Beast
"https://www.webnovel.com/book/6831850602000905/20908012013147604/Library-of-Heaven's-Path/Diagnosis-of-the-Three-Master-Teachers", 165Diagnosis of the Three Master Teachers
"https://www.webnovel.com/book/6831850602000905/20930526785362212/Library-of-Heaven's-Path/The-Kingdom's-Book-Collection-Vault", 166The Kingdom's Book Collection Vault
"https://www.webnovel.com/book/6831850602000905/20953786163975796/Library-of-Heaven's-Path/The-Arrogant-Sun-Qiang", 167The Arrogant Sun Qiang
"https://www.webnovel.com/book/6831850602000905/20976887719319213/Library-of-Heaven's-Path/The-Discerning-Ability-of-a-Master-Teacher", 168The Discerning Ability of a Master Teacher
"https://www.webnovel.com/book/6831850602000905/21000149010536894/Library-of-Heaven's-Path/The-6-dan-of-the-Heaven's-Path-Divine-Art", 169The 6-dan of the Heaven's Path Divine Art
"https://www.webnovel.com/book/6831850602000905/21023894542539252/Library-of-Heaven's-Path/Brewing-Storm", 170Brewing Storm
"https://www.webnovel.com/book/6831850602000905/21046143798531986/Library-of-Heaven's-Path/Old-Master-is-Back", 171Old Master is Back
"https://www.webnovel.com/book/6831850602000905/21069983819814878/Library-of-Heaven's-Path/Catching-a-Pig%3F", 172Catching a Pig?
"https://www.webnovel.com/book/6831850602000905/21092629051660930/Library-of-Heaven's-Path/Yang-Xuan%2C-Screw-You!", 173Yang Xuan, Screw You!
"https://www.webnovel.com/book/6831850602000905/21115822663587961/Library-of-Heaven's-Path/The-Confident-Ah-Yun", 174The Confident Ah Yun
"https://www.webnovel.com/book/6831850602000905/21139247683655909/Library-of-Heaven's-Path/Striking-it-Rich", 175Striking it Rich
"https://www.webnovel.com/book/6831850602000905/21162803448568893/Library-of-Heaven's-Path/Apothecary-Hong-Yun", 176Apothecary Hong Yun
"https://www.webnovel.com/book/6831850602000905/21185897756155075/Library-of-Heaven's-Path/Exploding-Cauldron", 177Exploding Cauldron
"https://www.webnovel.com/book/6831850602000905/21208601741810473/Library-of-Heaven's-Path/Conflicting-properties", 178Conflicting properties
"https://www.webnovel.com/book/6831850602000905/21232069728329238/Library-of-Heaven's-Path/Teacher%2C-You've-Worked-Hard!", 179Teacher, You've Worked Hard!
"https://www.webnovel.com/book/6831850602000905/21255190342590162/Library-of-Heaven's-Path/Awakening-Zhao-Ya's-Unique-Constitution", 180Awakening Zhao Ya's Unique Constitution
"https://www.webnovel.com/book/6831850602000905/21278412677111463/Library-of-Heaven's-Path/Lu-Xun's-Visit", 181Lu Xun's Visit
"https://www.webnovel.com/book/6831850602000905/21301486046732066/Library-of-Heaven's-Path/Throw-Him-Out", 182Throw Him Out
"https://www.webnovel.com/book/6831850602000905/21312783706546362/Library-of-Heaven's-Path/Treating-Shen-Hong", 183Treating Shen Hong
"https://www.webnovel.com/book/6831850602000905/21325089039507461/Library-of-Heaven's-Path/Poison-Master", 184Poison Master
"https://www.webnovel.com/book/6831850602000905/21335875329777961/Library-of-Heaven's-Path/I'll-Learn-For-a-Bit", 185I'll Learn For a Bit
"https://www.webnovel.com/book/6831850602000905/21348174220288129/Library-of-Heaven's-Path/Concocting-Poison", 186Concocting Poison
"https://www.webnovel.com/book/6831850602000905/21358924523430067/Library-of-Heaven's-Path/Tons-of-Nonsense", 187Tons of Nonsense
"https://www.webnovel.com/book/6831850602000905/21371006266433820/Library-of-Heaven's-Path/The-Eccentric-Method-to-Treat-Shen-Zhui-(1)", 188The Eccentric Method to Treat Shen Zhui (1)
"https://www.webnovel.com/book/6831850602000905/21381924358513165/Library-of-Heaven's-Path/The-Eccentric-Method-to-Treat-Shen-Hong-(2)", 189The Eccentric Method to Treat Shen Hong (2)
"https://www.webnovel.com/book/6831850602000905/21394359362577085/Library-of-Heaven's-Path/Lu-Xun-Borrows-Money", 190Lu Xun Borrows Money
"https://www.webnovel.com/book/6831850602000905/21417404278039326/Library-of-Heaven's-Path/Zhang-Xuan's-Legend-(1)", 191Zhang Xuan's Legend (1)
"https://www.webnovel.com/book/6831850602000905/21440778278593623/Library-of-Heaven's-Path/Zhang-Xuan's-Legend-(2)", 192Zhang Xuan's Legend (2)
"https://www.webnovel.com/book/6831850602000905/21463920921339026/Library-of-Heaven's-Path/That%E2%80%99s-Yang-shi%3F", 193That’s Yang shi?
"https://www.webnovel.com/book/6831850602000905/21475377998259660/Library-of-Heaven's-Path/Three-Shocked-Master-Teachers-(1)", 194Three Shocked Master Teachers (1)
"https://www.webnovel.com/book/6831850602000905/21487548324963826/Library-of-Heaven's-Path/Three-Shocked-Master-Teachers-(2)", 195Three Shocked Master Teachers (2)
"https://www.webnovel.com/book/6831850602000905/21498263463061016/Library-of-Heaven's-Path/Eligibility-to-Take-the-Master-Teacher-Examination", 196Eligibility to Take the Master Teacher Examination
"https://www.webnovel.com/book/6831850602000905/21510750291944809/Library-of-Heaven's-Path/It-Has-Been-Awhile-Since-We-Last-Met", 197It Has Been Awhile Since We Last Met
"https://www.webnovel.com/book/6831850602000905/21520382813070938/Library-of-Heaven's-Path/Won't-Condone-It-Next-Time", 198Won't Condone It Next Time
"https://www.webnovel.com/book/6831850602000905/21533539371640503/Library-of-Heaven's-Path/You-Must-Be-Zhang-Xuan-laoshi!", 199You Must Be Zhang Xuan laoshi!
"https://www.webnovel.com/book/6831850602000905/21544445115688551/Library-of-Heaven's-Path/Elder-Tian", 200Elder Tian
"https://www.webnovel.com/book/6831850602000905/21556679598466751/Library-of-Heaven's-Path/The-Test", 201The Test
"https://www.webnovel.com/book/6831850602000905/21579808802662200/Library-of-Heaven's-Path/Nine-Years-Spring", 202Nine Years Spring
"https://www.webnovel.com/book/6831850602000905/21603067912841386/Library-of-Heaven's-Path/Found-the-Wrong-Person", 203Found the Wrong Person
"https://www.webnovel.com/book/6831850602000905/21626297780332808/Library-of-Heaven's-Path/Lu-Xun's-Appraisal-Skills", 204Lu Xun's Appraisal Skills
"https://www.webnovel.com/book/6831850602000905/21637733147535851/Library-of-Heaven's-Path/Is-It-My-Victory%3F", 205Is It My Victory?
"https://www.webnovel.com/book/6831850602000905/21649878492965411/Library-of-Heaven's-Path/Gifting-Tea-Leaves", 206Gifting Tea Leaves
"https://www.webnovel.com/book/6831850602000905/21660377020427061/Library-of-Heaven's-Path/Returning-to-the-Academy", 207Returning to the Academy
"https://www.webnovel.com/book/6831850602000905/21673072121670421/Library-of-Heaven's-Path/Ink", 208Ink
"https://www.webnovel.com/book/6831850602000905/21683655743171637/Library-of-Heaven's-Path/Poison-Hall", 209Poison Hall
"https://www.webnovel.com/book/6831850602000905/21695765923556351/Library-of-Heaven's-Path/Teacher-Acknowledgement-(First-Half)", 210Teacher Acknowledgement (First Half)
"https://www.webnovel.com/book/6831850602000905/21706809106558396/Library-of-Heaven's-Path/Teacher-Acknowledgement-(Second-Half)", 211Teacher Acknowledgement (Second Half)
"https://www.webnovel.com/book/6831850602000905/21718969752808837/Library-of-Heaven's-Path/The-Teacher-Evaluation-Arrives!", 212The Teacher Evaluation Arrives!
"https://www.webnovel.com/book/6831850602000905/21742054933589583/Library-of-Heaven's-Path/The-Shocked-Qian-Chao", 213The Shocked Qian Chao
"https://www.webnovel.com/book/6831850602000905/21765466280226951/Library-of-Heaven's-Path/Yuan-Tao-VS-Kong-Jie", 214Yuan Tao VS Kong Jie
"https://www.webnovel.com/book/6831850602000905/21788967804400045/Library-of-Heaven's-Path/I've-Lost", 215I've Lost
"https://www.webnovel.com/book/6831850602000905/21799572347089434/Library-of-Heaven's-Path/Exerting-Too-Much-Force", 216Exerting Too Much Force
"https://www.webnovel.com/book/6831850602000905/21812289745253023/Library-of-Heaven's-Path/It%E2%80%99s-a-Draw", 217It’s a Draw
"https://www.webnovel.com/book/6831850602000905/21822760858743462/Library-of-Heaven's-Path/Exchanging-Fists", 218Exchanging Fists
"https://www.webnovel.com/book/6831850602000905/21835385395017381/Library-of-Heaven's-Path/Do-You-Dare-to-Accept-Our-Challenge%3F", 219Do You Dare to Accept Our Challenge?
"https://www.webnovel.com/book/6831850602000905/21846080652113033/Library-of-Heaven's-Path/Reappearance-of-the-Golden-Book", 220Reappearance of the Golden Book
"https://www.webnovel.com/book/6831850602000905/21858369912502465/Library-of-Heaven's-Path/Coiling-Dragon-Hands", 221Coiling Dragon Hands
"https://www.webnovel.com/book/6831850602000905/21859687125285144/Library-of-Heaven's-Path/Pummeling-Lu-Xun-(First-Half)", 222Pummeling Lu Xun (First Half)
"https://www.webnovel.com/book/6831850602000905/21859697057397018/Library-of-Heaven's-Path/Pummeling-Lu-Xun-(Second-Half)", 223Pummeling Lu Xun (Second Half)
"https://www.webnovel.com/book/6831850602000905/21859709673863453/Library-of-Heaven's-Path/Call-Him-Uncle-Now!", 224Call Him Uncle Now!
"https://www.webnovel.com/book/6831850602000905/21859716384749855/Library-of-Heaven's-Path/Senior", 225Senior
"https://www.webnovel.com/book/6831850602000905/21859723364071713/Library-of-Heaven's-Path/A-Godlike-Man", 226A Godlike Man
"https://www.webnovel.com/book/6831850602000905/21859761481906468/Library-of-Heaven's-Path/State-of-Insight", 227State of Insight
"https://www.webnovel.com/book/6831850602000905/21859774903679270/Library-of-Heaven's-Path/Shouldn't-Toy-with-Someone-Like-That", 228Shouldn't Toy with Someone Like That
"https://www.webnovel.com/book/6831850602000905/21859786983274792/Library-of-Heaven's-Path/Guiding-Zhao-Feng", 229Guiding Zhao Feng
"https://www.webnovel.com/book/6831850602000905/21859792888854825/Library-of-Heaven's-Path/Book-of-Heaven's-Path-(First-Half)", 230Book of Heaven's Path (First Half)
"https://www.webnovel.com/book/6831850602000905/21859804431579434/Library-of-Heaven's-Path/Book-of-Heaven's-Path-(Second-Half)", 231Book of Heaven's Path (Second Half)
"https://www.webnovel.com/book/6831850602000905/21859812484643115/Library-of-Heaven's-Path/The-Confused-Liu-Xun", 232The Confused Liu Xun
"https://www.webnovel.com/book/6831850602000905/21859820269271340/Library-of-Heaven's-Path/Teacher-Zhang%2C-You're-Here", 233Teacher Zhang, You're Here
"https://www.webnovel.com/book/6831850602000905/21859830738254127/Library-of-Heaven's-Path/Soul-Depth-Exceeding-3%3F", 234Soul Depth Exceeding 3?
"https://www.webnovel.com/book/6831850602000905/21859845502204208/Library-of-Heaven's-Path/Xuanluo-Mountain-Range", 235Xuanluo Mountain Range
"https://www.webnovel.com/book/6831850602000905/21859854092138803/Library-of-Heaven's-Path/Formations", 236Formations
"https://www.webnovel.com/book/6831850602000905/21859860534589748/Library-of-Heaven's-Path/Play-Somewhere-Else!", 237Play Somewhere Else!
"https://www.webnovel.com/book/6831850602000905/21859868319217973/Library-of-Heaven's-Path/Taming-%5B2-In-1%5D", 238Taming [2 In 1]
"https://www.webnovel.com/book/6831850602000905/21859896773376312/Library-of-Heaven's-Path/Strange-Bird-%5B2-in-1%5D", 239Strange Bird [2 in 1]
"https://www.webnovel.com/book/6831850602000905/21859914221680953/Library-of-Heaven's-Path/Beast-Hall-%5B2-in-1%5D", 240Beast Hall [2 in 1]
"https://www.webnovel.com/book/6831850602000905/21859938917742906/Library-of-Heaven's-Path/I-Tamed-a-Bird-%5B2-in-1%5D", 241I Tamed a Bird [2 in 1]
"https://www.webnovel.com/book/6831850602000905/21859964687546686/Library-of-Heaven's-Path/Failing-the-Examination!", 242Failing the Examination!
"https://www.webnovel.com/book/6831850602000905/21859971935304004/Library-of-Heaven's-Path/Ancient-Lightning-Cloud-Sparrow", 243Ancient Lightning Cloud Sparrow
"https://www.webnovel.com/book/6831850602000905/21859978377754953/Library-of-Heaven's-Path/Punishment", 244Punishment
"https://www.webnovel.com/book/6831850602000905/21859985088641357/Library-of-Heaven's-Path/Mo-Yu's-Challenge", 245Mo Yu's Challenge
"https://www.webnovel.com/book/6831850602000905/21859991531092306/Library-of-Heaven's-Path/246.Are-You-Taking-the-Beast-Tamer-Examination%3F", 246246.Are You Taking the Beast Tamer Examination?
"https://www.webnovel.com/book/6831850602000905/21859999047285079/Library-of-Heaven's-Path/Soul-Depth-Above-10%3F", 247Soul Depth Above 10?
"https://www.webnovel.com/book/6831850602000905/21860007368784222/Library-of-Heaven's-Path/He-Is-Running!", 248He Is Running!
"https://www.webnovel.com/book/6831850602000905/21860014616541539/Library-of-Heaven's-Path/Discourse", 249Discourse
"https://www.webnovel.com/book/6831850602000905/21860021864298855/Library-of-Heaven's-Path/Can-You-Lend-Me-Your-Tamed-Beast%3F", 250Can You Lend Me Your Tamed Beast?
"https://www.webnovel.com/book/6831850602000905/21860031527975275/Library-of-Heaven's-Path/Beast-Pummeling-Taming-Method", 251Beast Pummeling Taming Method
"https://www.webnovel.com/book/6831850602000905/21860041191651695/Library-of-Heaven's-Path/Failed%3F", 252Failed?
"https://www.webnovel.com/book/6831850602000905/21860055150295411/Library-of-Heaven's-Path/You-Are-a-Master-Teacher%3F", 253You Are a Master Teacher?
"https://www.webnovel.com/book/6831850602000905/21860066156149113/Library-of-Heaven's-Path/Critically-Ill-Savage-Beast", 254Critically Ill Savage Beast
"https://www.webnovel.com/book/6831850602000905/21860078504180094/Library-of-Heaven's-Path/Grandmaster-Qing-Yang", 255Grandmaster Qing Yang
"https://www.webnovel.com/book/6831850602000905/21860088167856515/Library-of-Heaven's-Path/I-Said-That-You-Are-an-Inept-Physician", 256I Said That You Are an Inept Physician
"https://www.webnovel.com/book/6831850602000905/21860098636839303/Library-of-Heaven's-Path/What-Else-Can-You-Be-If-Not-an-Inept-Physician%3F", 257What Else Can You Be If Not an Inept Physician?
"https://www.webnovel.com/book/6831850602000905/21860110179563918/Library-of-Heaven's-Path/Guidance-on-Pill-Forging", 258Guidance on Pill Forging
"https://www.webnovel.com/book/6831850602000905/21860120380111252/Library-of-Heaven's-Path/Cauldron-Explosion", 259Cauldron Explosion
"https://www.webnovel.com/book/6831850602000905/21860130580658581/Library-of-Heaven's-Path/Half-Zhizun", 260Half-Zhizun
"https://www.webnovel.com/book/6831850602000905/21860154739849622/Library-of-Heaven's-Path/Beast-Taming-Competition", 261Beast Taming Competition
"https://www.webnovel.com/book/6831850602000905/21860162792913303/Library-of-Heaven's-Path/Guiding-Mo-Yu", 262Guiding Mo Yu
"https://www.webnovel.com/book/6831850602000905/21860171919718809/Library-of-Heaven's-Path/To-the-Poison-Hall!", 263To the Poison Hall!
"https://www.webnovel.com/book/6831850602000905/21860180241217946/Library-of-Heaven's-Path/Heaven's-Path-Disguise-Art", 264Heaven's Path Disguise Art
"https://www.webnovel.com/book/6831850602000905/21860191247071644/Library-of-Heaven's-Path/The-Great-Herb-King%E2%80%99s-Residence", 265The Great Herb King’s Residence
"https://www.webnovel.com/book/6831850602000905/21860200105441694/Library-of-Heaven's-Path/Physician-Bai-Chan", 266Physician Bai Chan
"https://www.webnovel.com/book/6831850602000905/21860209232247199/Library-of-Heaven's-Path/Butler-Lu", 267Butler Lu
"https://www.webnovel.com/book/6831850602000905/21860218359052705/Library-of-Heaven's-Path/Entering-the-Courtyard", 268Entering the Courtyard
"https://www.webnovel.com/book/6831850602000905/21860225606810018/Library-of-Heaven's-Path/Let-Me-Take-a-Look", 269Let Me Take a Look
"https://www.webnovel.com/book/6831850602000905/21860233391438243/Library-of-Heaven's-Path/Zhang-Xuan's-Secret-Art", 270Zhang Xuan's Secret Art
"https://www.webnovel.com/book/6831850602000905/21860242249808294/Library-of-Heaven's-Path/Contract-Gu-%5B2in1%5D", 271Contract Gu [2in1]
"https://www.webnovel.com/book/6831850602000905/21860257013758380/Library-of-Heaven's-Path/I-Understand", 272I Understand
"https://www.webnovel.com/book/6831850602000905/21860268824918445/Library-of-Heaven's-Path/What's-Going-On-%5B2in1%5D", 273What's Going On [2in1]
"https://www.webnovel.com/book/6831850602000905/21860278488594864/Library-of-Heaven's-Path/Half-Zongshi", 274Half-Zongshi
"https://www.webnovel.com/book/6831850602000905/21860293520980402/Library-of-Heaven's-Path/Entering-the-Poison-Hall", 275Entering the Poison Hall
"https://www.webnovel.com/book/6831850602000905/21860302916221363/Library-of-Heaven's-Path/Golden-Poison-Heart-Token", 276Golden Poison Heart Token
"https://www.webnovel.com/book/6831850602000905/21860323048880565/Library-of-Heaven's-Path/Another-One-Appears", 277Another One Appears
"https://www.webnovel.com/book/6831850602000905/21860331101944247/Library-of-Heaven's-Path/This-Time%2C-We're-Really-Doomed", 278This Time, We're Really Doomed
"https://www.webnovel.com/book/6831850602000905/21860339423443386/Library-of-Heaven's-Path/Senior-Uncle", 279Senior Uncle
"https://www.webnovel.com/book/6831850602000905/21860348818684347/Library-of-Heaven's-Path/Display-of-Strength", 280Display of Strength
"https://www.webnovel.com/book/6831850602000905/21860371367262653/Library-of-Heaven's-Path/Crimson-Flame-Lotus-Seed", 281Crimson Flame Lotus Seed
"https://www.webnovel.com/book/6831850602000905/21860379151890879/Library-of-Heaven's-Path/Heaven's-Path-Poison-Art", 282Heaven's Path Poison Art
"https://www.webnovel.com/book/6831850602000905/21860390157744576/Library-of-Heaven's-Path/Lava-Beast-%5B2in1%5D", 283Lava Beast [2in1]
"https://www.webnovel.com/book/6831850602000905/21860403847952834/Library-of-Heaven's-Path/Go-Down-and-Beat-It-Up", 284Go Down and Beat It Up
"https://www.webnovel.com/book/6831850602000905/21860414048500164/Library-of-Heaven's-Path/Master-Teacher-Pavilion%2C-Here-I-Come!", 285Master Teacher Pavilion, Here I Come!
"https://www.webnovel.com/book/6831850602000905/21860429080885702/Library-of-Heaven's-Path/Tianwu-Royal-City", 286Tianwu Royal City
"https://www.webnovel.com/book/6831850602000905/21860442771093960/Library-of-Heaven's-Path/Painter-Guild", 287Painter Guild
"https://www.webnovel.com/book/6831850602000905/21860451897899466/Library-of-Heaven's-Path/Ji-Mo-gongzi", 288Ji Mo gongzi
"https://www.webnovel.com/book/6831850602000905/21860465588107724/Library-of-Heaven's-Path/Painting-Through-a-Savage-Beast-%5B3in1%5D-", 289Painting Through a Savage Beast [3in1]
"https://www.webnovel.com/book/6831850602000905/21860477130832334/Library-of-Heaven's-Path/A-Draw%3F", 290A Draw?
"https://www.webnovel.com/book/6831850602000905/21860491089476049/Library-of-Heaven's-Path/Painting-of-the-Fifth-Level%2C-Done!", 291Painting of the Fifth Level, Done!
"https://www.webnovel.com/book/6831850602000905/21860501290023378/Library-of-Heaven's-Path/Zhao-Ya-and-the-Others-Arrive", 292Zhao Ya and the Others Arrive
"https://www.webnovel.com/book/6831850602000905/21860512832747989/Library-of-Heaven's-Path/He-is-Called-Zhang-Xuan", 293He is Called Zhang Xuan
"https://www.webnovel.com/book/6831850602000905/21860524643908054/Library-of-Heaven's-Path/Sneak-Attack", 294Sneak Attack
"https://www.webnovel.com/book/6831850602000905/21860536455068122/Library-of-Heaven's-Path/Acknowledge-Me-As-Your-Teacher", 295Acknowledge Me As Your Teacher
"https://www.webnovel.com/book/6831850602000905/21860550682147293/Library-of-Heaven's-Path/Student-Jiang-Shu", 296Student Jiang Shu
"https://www.webnovel.com/book/6831850602000905/21860559003646431/Library-of-Heaven's-Path/Taking-Liberties-with-Zhao-Ya", 297Taking Liberties with Zhao Ya
"https://www.webnovel.com/book/6831850602000905/21860570277935586/Library-of-Heaven's-Path/Framed", 298Framed
"https://www.webnovel.com/book/6831850602000905/21860578867870180/Library-of-Heaven's-Path/A-Beating", 299A Beating
"https://www.webnovel.com/book/6831850602000905/21860588799982055/Library-of-Heaven's-Path/Extorting-Physician-Bai", 300Extorting Physician Bai
"https://www.webnovel.com/book/6831850602000905/21860621817543146/Library-of-Heaven's-Path/The-Excited-Ji-Mo-gongzi", 301The Excited Ji Mo gongzi
"https://www.webnovel.com/book/6831850602000905/21860629870606830/Library-of-Heaven's-Path/Paying-Respect-to-Zhang-laoshi-%5B2in1%5D", 302Paying Respect to Zhang laoshi [2in1]
"https://www.webnovel.com/book/6831850602000905/21860642218637810/Library-of-Heaven's-Path/Master-Teacher-Examination%2C-Begin!-%5B2in1%5D", 303Master Teacher Examination, Begin! [2in1]
"https://www.webnovel.com/book/6831850602000905/21860655908846073/Library-of-Heaven's-Path/No-Mistake%3F", 304No Mistake?
"https://www.webnovel.com/book/6831850602000905/21860667183135230/Library-of-Heaven's-Path/Mo-Hongyi-Goes-Into-A-Frenzy", 305Mo Hongyi Goes Into A Frenzy
"https://www.webnovel.com/book/6831850602000905/21860677115247108/Library-of-Heaven's-Path/The-Expert", 306The Expert
"https://www.webnovel.com/book/6831850602000905/21860686778923530/Library-of-Heaven's-Path/How-Many-Moves%3F", 307How Many Moves?
"https://www.webnovel.com/book/6831850602000905/21860696979470863/Library-of-Heaven's-Path/Cultivation-Technique-Ocean", 308Cultivation Technique Ocean
"https://www.webnovel.com/book/6831850602000905/21860707448453655/Library-of-Heaven's-Path/Harmonious-Chiming-of-the-Hundred-Bells", 309Harmonious Chiming of the Hundred Bells
"https://www.webnovel.com/book/6831850602000905/21860718722742814/Library-of-Heaven's-Path/This-is-Bad!", 310This is Bad!
"https://www.webnovel.com/book/6831850602000905/21860739660708389/Library-of-Heaven's-Path/Thirty-Flaws", 311Thirty Flaws
"https://www.webnovel.com/book/6831850602000905/21860753619352107/Library-of-Heaven's-Path/2-star-Master-Teacher-Examination", 3122-star Master Teacher Examination
"https://www.webnovel.com/book/6831850602000905/21860764356770353/Library-of-Heaven's-Path/Meeting-Senior", 313Meeting Senior
"https://www.webnovel.com/book/6831850602000905/21860772946704950/Library-of-Heaven's-Path/Soul-Depth-of-Zero%3F", 314Soul Depth of Zero?
"https://www.webnovel.com/book/6831850602000905/21860783684123195/Library-of-Heaven's-Path/Soul-Depth-10.1!", 315Soul Depth 10.1!
"https://www.webnovel.com/book/6831850602000905/21860793884670529/Library-of-Heaven's-Path/The-True-Test-of-the-House-of-Trust", 316The True Test of the House of Trust
"https://www.webnovel.com/book/6831850602000905/21860803548346950/Library-of-Heaven's-Path/Respectful-Bai-Chan-%5B2in1%5D", 317Respectful Bai Chan [2in1]
"https://www.webnovel.com/book/6831850602000905/21860814554200652/Library-of-Heaven's-Path/Hell-Mode", 318Hell Mode
"https://www.webnovel.com/book/6831850602000905/21860825023183441/Library-of-Heaven's-Path/Aversion-Toward-Studying%3F", 319Aversion Toward Studying?
"https://www.webnovel.com/book/6831850602000905/22863750621092954/Library-of-Heaven's-Path/I-Can-Solve-Their-Problems", 320I Can Solve Their Problems
"https://www.webnovel.com/book/6831850602000905/22863762700688475/Library-of-Heaven's-Path/You-Have-Been-Recruited", 321You Have Been Recruited
"https://www.webnovel.com/book/6831850602000905/22863768337833052/Library-of-Heaven's-Path/Mu-Xueqing's-Countermeasure", 322Mu Xueqing's Countermeasure
"https://www.webnovel.com/book/6831850602000905/22863775048719453/Library-of-Heaven's-Path/You're-Expelled!", 323You're Expelled!
"https://www.webnovel.com/book/6831850602000905/22863781491170398/Library-of-Heaven's-Path/The-Dumbfounded-Students", 324The Dumbfounded Students
"https://www.webnovel.com/book/6831850602000905/22863787665185887/Library-of-Heaven's-Path/The-Shocked-Elders", 325The Shocked Elders
"https://www.webnovel.com/book/6831850602000905/22863794107636832/Library-of-Heaven's-Path/Three-Sentences-", 326Three Sentences
"https://www.webnovel.com/book/6831850602000905/22863802429135969/Library-of-Heaven's-Path/Teacher%2C-I-Was-Wrong!", 327Teacher, I Was Wrong!
"https://www.webnovel.com/book/6831850602000905/22863809140022370/Library-of-Heaven's-Path/Brawl-of-the-Two-Ladies", 328Brawl of the Two Ladies
"https://www.webnovel.com/book/6831850602000905/22863816387779683/Library-of-Heaven's-Path/Duel-Agreement", 329Duel Agreement
"https://www.webnovel.com/book/6831850602000905/22863822830230628/Library-of-Heaven's-Path/Physician-Guild", 330Physician Guild
"https://www.webnovel.com/book/6831850602000905/22863829272681573/Library-of-Heaven's-Path/Challenging-the-Guild-Leader%3F", 331Challenging the Guild Leader?
"https://www.webnovel.com/book/6831850602000905/22863836788874342/Library-of-Heaven's-Path/Perfect-Solution", 332Perfect Solution
"https://www.webnovel.com/book/6831850602000905/22863843231325287/Library-of-Heaven's-Path/We-Don't-Know-Either", 333We Don't Know Either
"https://www.webnovel.com/book/6831850602000905/22864073012075624/Library-of-Heaven's-Path/Guild-Leader", 334Guild Leader
"https://www.webnovel.com/book/6831850602000905/22864080259832937/Library-of-Heaven's-Path/Myriad-Kingdom-Alliance", 335Myriad Kingdom Alliance
"https://www.webnovel.com/book/6831850602000905/22864086702283882/Library-of-Heaven's-Path/Medicinal-Herbs-Obtained", 336Medicinal Herbs Obtained
"https://www.webnovel.com/book/6831850602000905/22864148694095006/Library-of-Heaven's-Path/Raising-Lu-Chong's-Strength", 337Raising Lu Chong's Strength
"https://www.webnovel.com/book/6831850602000905/22864157284029603/Library-of-Heaven's-Path/Zongshi-Realm-Heaven's-Path-Divine-Art", 338Zongshi Realm Heaven's Path Divine Art
"https://www.webnovel.com/book/6831850602000905/22864225198199976/Library-of-Heaven's-Path/Lu-Chong's-Deep-Grudge-(1)", 339Lu Chong's Deep Grudge (1)
"https://www.webnovel.com/book/6831850602000905/22864250162697390/Library-of-Heaven's-Path/Lu-Chong's-Deep-Grudge-(2)", 340Lu Chong's Deep Grudge (2)
"https://www.webnovel.com/book/6831850602000905/22864257678890164/Library-of-Heaven's-Path/Spirit-Stone", 341Spirit Stone
"https://www.webnovel.com/book/6831850602000905/22864264121341113/Library-of-Heaven's-Path/Imparting-Sword-Art", 342Imparting Sword Art
"https://www.webnovel.com/book/6831850602000905/22864269490050238/Library-of-Heaven's-Path/Solution-to-the-Innate-Fetal-Poison", 343Solution to the Innate Fetal Poison
"https://www.webnovel.com/book/6831850602000905/22864276469372099/Library-of-Heaven's-Path/You-Are-the-One-Who-Has-a-Problem-With-Your-Head!", 344You Are the One Who Has a Problem With Your Head!
"https://www.webnovel.com/book/6831850602000905/22864282911823048/Library-of-Heaven's-Path/The-Viridescent-Eagle-Who-is-Willing-To-Be-Beaten-Up", 345The Viridescent Eagle Who is Willing To Be Beaten Up
"https://www.webnovel.com/book/6831850602000905/22864296333595853/Library-of-Heaven's-Path/Zhang-Xuan's-Identity-Exposed", 346Zhang Xuan's Identity Exposed
"https://www.webnovel.com/book/6831850602000905/22864303044482258/Library-of-Heaven's-Path/Grandmaster-Physician%3F", 347Grandmaster Physician?
"https://www.webnovel.com/book/6831850602000905/22864312439723223/Library-of-Heaven's-Path/Guardian-Beast", 348Guardian Beast
"https://www.webnovel.com/book/6831850602000905/22864318882174172/Library-of-Heaven's-Path/Lin-Clan", 349Lin Clan
"https://www.webnovel.com/book/6831850602000905/22864324787754209/Library-of-Heaven's-Path/What-Illness-Is-It%3F", 350What Illness Is It?
"https://www.webnovel.com/book/6831850602000905/22864330961769702/Library-of-Heaven's-Path/Chrysanthemum", 351Chrysanthemum
"https://www.webnovel.com/book/6831850602000905/22864343041365223/Library-of-Heaven's-Path/Cured", 352Cured
"https://www.webnovel.com/book/6831850602000905/22864348946945264/Library-of-Heaven's-Path/Zongshi-Realm-Pinnacle", 353Zongshi Realm Pinnacle
"https://www.webnovel.com/book/6831850602000905/22864354584089845/Library-of-Heaven's-Path/Come%2C-Beat-Me-Up!", 354Come, Beat Me Up!
"https://www.webnovel.com/book/6831850602000905/22864360758105338/Library-of-Heaven's-Path/The-Promised-Duel", 355The Promised Duel
"https://www.webnovel.com/book/6831850602000905/22864366663685375/Library-of-Heaven's-Path/Saber-Intent%2C-Sword-Intent-%5B2in1%5D", 356Saber Intent, Sword Intent [2in1]
"https://www.webnovel.com/book/6831850602000905/22864376881011819/Library-of-Heaven's-Path/Second-Promised-Duel-(1)", 357Second Promised Duel (1)
"https://www.webnovel.com/book/6831850602000905/22864424394087532/Library-of-Heaven's-Path/Second-Promised-Duel-(2)", 358Second Promised Duel (2)
"https://www.webnovel.com/book/6831850602000905/22864430568103021/Library-of-Heaven's-Path/Apothecary-Mu", 359Apothecary Mu
"https://www.webnovel.com/book/6831850602000905/22864452848245870/Library-of-Heaven's-Path/Wall-of-Pill-Formulae", 360Wall of Pill Formulae
"https://www.webnovel.com/book/6831850602000905/22864459022261359/Library-of-Heaven's-Path/Then-You-Should-Just-Take-The-Examination!", 361Then You Should Just Take The Examination!
"https://www.webnovel.com/book/6831850602000905/22864479423356016/Library-of-Heaven's-Path/Who-Are-You%3F", 362Who Are You?
"https://www.webnovel.com/book/6831850602000905/22864486134242417/Library-of-Heaven's-Path/Price", 363Price
"https://www.webnovel.com/book/6831850602000905/22864493113564274/Library-of-Heaven's-Path/Price%2C-Three-Spirit-Stones-(1)", 364Price, Three Spirit Stones (1)
"https://www.webnovel.com/book/6831850602000905/22864499824450675/Library-of-Heaven's-Path/Price%2C-Three-Spirit-Stones-(2)", 365Price, Three Spirit Stones (2)
"https://www.webnovel.com/book/6831850602000905/22864505730030708/Library-of-Heaven's-Path/Tenacious-Lu-Chong", 366Tenacious Lu Chong
"https://www.webnovel.com/book/6831850602000905/22864511904046197/Library-of-Heaven's-Path/Mo-Hongyi-Fell-Into-the-Fecal-Drain", 367Mo Hongyi Fell Into the Fecal Drain
"https://www.webnovel.com/book/6831850602000905/22864518614932598/Library-of-Heaven's-Path/Two-Methods", 368Two Methods
"https://www.webnovel.com/book/6831850602000905/22864524520512631/Library-of-Heaven's-Path/Kong-shi-Admits-a-Disciple%2C-the-Student-of-the-Sage", 369Kong shi Admits a Disciple, the Student of the Sage
"https://www.webnovel.com/book/6831850602000905/22864532842011768/Library-of-Heaven's-Path/Unwilling-to-Become-Your-Student", 370Unwilling to Become Your Student
"https://www.webnovel.com/book/6831850602000905/22864539284462713/Library-of-Heaven's-Path/Sealing-Gossip", 371Sealing Gossip
"https://www.webnovel.com/book/6831850602000905/22864545190042746/Library-of-Heaven's-Path/Lin-Lang", 372Lin Lang
"https://www.webnovel.com/book/6831850602000905/22864550558751867/Library-of-Heaven's-Path/Sorrowful-Lin-Lang", 373Sorrowful Lin Lang
"https://www.webnovel.com/book/6831850602000905/22864556464331900/Library-of-Heaven's-Path/Tianwu-Kingdom's-Book-Collection-Vault", 374Tianwu Kingdom's Book Collection Vault
"https://www.webnovel.com/book/6831850602000905/22864562369911933/Library-of-Heaven's-Path/Seeking-Mouse", 375Seeking Mouse
"https://www.webnovel.com/book/6831850602000905/22864568007056510/Library-of-Heaven's-Path/I'm-His-Teacher", 376I'm His Teacher
"https://www.webnovel.com/book/6831850602000905/22864574181071999/Library-of-Heaven's-Path/Lu-Chong's-Gratitude", 377Lu Chong's Gratitude
"https://www.webnovel.com/book/6831850602000905/22864580355087489/Library-of-Heaven's-Path/Physician-Mu-Hong's-Breakdown-(1)", 378Physician Mu Hong's Breakdown (1)
"https://www.webnovel.com/book/6831850602000905/22864586260667522/Library-of-Heaven's-Path/Physician-Mu-Hong's-Breakdown-(2)", 379Physician Mu Hong's Breakdown (2)
"https://www.webnovel.com/book/6831850602000905/22864611762035843/Library-of-Heaven's-Path/Knocking", 380Knocking
"https://www.webnovel.com/book/6831850602000905/22864618204486788/Library-of-Heaven's-Path/My-Students-Cannot-Be-Bullied", 381My Students Cannot Be Bullied
"https://www.webnovel.com/book/6831850602000905/22864624110066821/Library-of-Heaven's-Path/Shadows-of-a-Storm", 382Shadows of a Storm
"https://www.webnovel.com/book/6831850602000905/22864630820953222/Library-of-Heaven's-Path/Then-I'll-Beat-You-Until-You-Make-Up-Your-Mind", 383Then I'll Beat You Until You Make Up Your Mind
"https://www.webnovel.com/book/6831850602000905/22864639679323271/Library-of-Heaven's-Path/Recognized-by-Wang-Ying", 384Recognized by Wang Ying
"https://www.webnovel.com/book/6831850602000905/22864646390209672/Library-of-Heaven's-Path/Zhao-Ya%2C-Your-Sword!", 385Zhao Ya, Your Sword!
"https://www.webnovel.com/book/6831850602000905/22864651490483337/Library-of-Heaven's-Path/Hall-Master%2C-Save-Me!", 386Hall Master, Save Me!
"https://www.webnovel.com/book/6831850602000905/22864657664498826/Library-of-Heaven's-Path/The-Unreliable-Hall-Master", 387The Unreliable Hall Master
"https://www.webnovel.com/book/6831850602000905/22864663570078859/Library-of-Heaven's-Path/Formation-Destroying-Kick", 388Formation Destroying Kick
"https://www.webnovel.com/book/6831850602000905/22864673502190732/Library-of-Heaven's-Path/Kong-shi's-Personal-Letter", 389Kong shi's Personal Letter
"https://www.webnovel.com/book/6831850602000905/22864681018383501/Library-of-Heaven's-Path/Spirit-Blood-Body-Nourishment-Formula", 390Spirit Blood Body Nourishment Formula
"https://www.webnovel.com/book/6831850602000905/22864686387092622/Library-of-Heaven's-Path/These-Little-Bastards!", 391These Little Bastards!
"https://www.webnovel.com/book/6831850602000905/22864691755801743/Library-of-Heaven's-Path/Envoy-from-the-Headquarters", 392Envoy from the Headquarters
"https://www.webnovel.com/book/6831850602000905/22864697929817232/Library-of-Heaven's-Path/Your-Name-(1)", 393Your Name (1)
"https://www.webnovel.com/book/6831850602000905/22864704103832721/Library-of-Heaven's-Path/Your-Name-(2)", 394Your Name (2)
"https://www.webnovel.com/book/6831850602000905/22864711351590034/Library-of-Heaven's-Path/Kong-shi%2C-Accept-Me!", 395Kong shi, Accept Me!
"https://www.webnovel.com/book/6831850602000905/22864717794040979/Library-of-Heaven's-Path/Acknowledgement-of-the-Ancestors", 396Acknowledgement of the Ancestors
"https://www.webnovel.com/book/6831850602000905/22864724504927381/Library-of-Heaven's-Path/Kong-shi's-Statue-Breaks!", 397Kong shi's Statue Breaks!
"https://www.webnovel.com/book/6831850602000905/22864731752684694/Library-of-Heaven's-Path/Rejection-of-the-Ancestors%2C-Sorrowful-Chimes-of-the-Bell", 398Rejection of the Ancestors, Sorrowful Chimes of the Bell
"https://www.webnovel.com/book/6831850602000905/22864737658264727/Library-of-Heaven's-Path/Above-the-Alliance", 399Above the Alliance
"https://www.webnovel.com/book/6831850602000905/22864773360180376/Library-of-Heaven's-Path/Elder%3F", 400Elder?
"https://www.webnovel.com/book/6831850602000905/22864780071066777/Library-of-Heaven's-Path/Paying-Respects-to-Yang-shi", 401Paying Respects to Yang shi
"https://www.webnovel.com/book/6831850602000905/22864785976646810/Library-of-Heaven's-Path/Unfathomable-Yang-shi-(1)", 402Unfathomable Yang shi (1)
"https://www.webnovel.com/book/6831850602000905/22864793224404123/Library-of-Heaven's-Path/Unfathomable-Yang-shi-(2)", 403Unfathomable Yang shi (2)
"https://www.webnovel.com/book/6831850602000905/22864799129984156/Library-of-Heaven's-Path/Unfathomable-Yang-shi-(3)", 404Unfathomable Yang shi (3)
"https://www.webnovel.com/book/6831850602000905/22864806646176925/Library-of-Heaven's-Path/The-Formidable-Sun-Qiang", 405The Formidable Sun Qiang
"https://www.webnovel.com/book/6831850602000905/22864813625498782/Library-of-Heaven's-Path/Slapping-the-Princess-Consort", 406Slapping the Princess Consort
"https://www.webnovel.com/book/6831850602000905/22864822752304287/Library-of-Heaven's-Path/Spirit-Stones-Grades", 407Spirit Stones Grades
"https://www.webnovel.com/book/6831850602000905/22864828389448864/Library-of-Heaven's-Path/Direct-Disciples", 408Direct Disciples
"https://www.webnovel.com/book/6831850602000905/22864834563464353/Library-of-Heaven's-Path/The-Crown-Prince's-Decision", 409The Crown Prince's Decision
"https://www.webnovel.com/book/6831850602000905/22864848253672610/Library-of-Heaven's-Path/Finding-the-Old-Residence", 410Finding the Old Residence
"https://www.webnovel.com/book/6831850602000905/22864861675445411/Library-of-Heaven's-Path/He-Is-My-Teacher", 411He Is My Teacher
"https://www.webnovel.com/book/6831850602000905/22864867312589988/Library-of-Heaven's-Path/Avenge-Him!", 412Avenge Him!
"https://www.webnovel.com/book/6831850602000905/22864872949734566/Library-of-Heaven's-Path/Xuanyuan-Kingdom's-Strength", 413Xuanyuan Kingdom's Strength
"https://www.webnovel.com/book/6831850602000905/24485647041481548/Library-of-Heaven's-Path/Xuanyuan's-Beast-Hall", 414Xuanyuan's Beast Hall
"https://www.webnovel.com/book/6831850602000905/24485652393411256/Library-of-Heaven's-Path/Ten-Beasts-Cage", 415Ten Beasts Cage
"https://www.webnovel.com/book/6831850602000905/24485654826109778/Library-of-Heaven's-Path/Who-Is-It%3F", 416Who Is It?
"https://www.webnovel.com/book/6831850602000905/24485657493684927/Library-of-Heaven's-Path/The-Cute-Whirlwind-Wolves", 417The Cute Whirlwind Wolves
"https://www.webnovel.com/book/6831850602000905/24485660463254362/Library-of-Heaven's-Path/Tiger-Head-Beast", 418Tiger Head Beast
"https://www.webnovel.com/book/6831850602000905/24485662593958599/Library-of-Heaven's-Path/Seven-Meridians-Vicious-Bear", 419Seven Meridians Vicious Bear
"https://www.webnovel.com/book/6831850602000905/24485665026657122/Library-of-Heaven's-Path/I-Want-to-Challenge-Ten-Beasts-Cage-(1)", 420I Want to Challenge Ten Beasts Cage (1)
"https://www.webnovel.com/book/6831850602000905/24485667174140774/Library-of-Heaven's-Path/I-Want-to-Challenge-Ten-Beasts-Cage-(2)", 421I Want to Challenge Ten Beasts Cage (2)
"https://www.webnovel.com/book/6831850602000905/24485669573280465/Library-of-Heaven's-Path/Nightmare-Beast", 422Nightmare Beast
"https://www.webnovel.com/book/6831850602000905/24485671737543533/Library-of-Heaven's-Path/Ancient-Beast-Language", 423Ancient Beast Language
"https://www.webnovel.com/book/6831850602000905/24485673868247767/Library-of-Heaven's-Path/Bizarre-Language-%5B2in1%5D", 424Bizarre Language [2in1]
"https://www.webnovel.com/book/6831850602000905/24485676300946291/Library-of-Heaven's-Path/Allow-Me!", 425Allow Me!
"https://www.webnovel.com/book/6831850602000905/24485678985300854/Library-of-Heaven's-Path/The-Might-of-the-Mysterious-Language", 426The Might of the Mysterious Language
"https://www.webnovel.com/book/6831850602000905/24485681384440545/Library-of-Heaven's-Path/True-Voice-of-Dragons", 427True Voice of Dragons
"https://www.webnovel.com/book/6831850602000905/24485683548703614/Library-of-Heaven's-Path/Uncle-Sun-Qiang-Is-Here-(1)", 428Uncle Sun Qiang Is Here (1)
"https://www.webnovel.com/book/6831850602000905/24485685947843305/Library-of-Heaven's-Path/Uncle-Sun-Qiang-Is-Here-(2)", 429Uncle Sun Qiang Is Here (2)
"https://www.webnovel.com/book/6831850602000905/24485688112106374/Library-of-Heaven's-Path/Gu-Mu's-Teacher-Is-Here-Too-%5B2in1%5D", 430Gu Mu's Teacher Is Here Too [2in1]
"https://www.webnovel.com/book/6831850602000905/24485690242810609/Library-of-Heaven's-Path/Wreaking-Havoc-in-Xuanyuan-Kingdom-(1)-%5B2in1%5D", 431Wreaking Havoc in Xuanyuan Kingdom (1) [2in1]
"https://www.webnovel.com/book/6831850602000905/24485692675509134/Library-of-Heaven's-Path/Wreaking-Havoc-in-Xuanyuan-Kingdom-(2)", 432Wreaking Havoc in Xuanyuan Kingdom (2)
"https://www.webnovel.com/book/6831850602000905/24485694269342456/Library-of-Heaven's-Path/Bai-Chen", 433Bai Chen
"https://www.webnovel.com/book/6831850602000905/24485716297829278/Library-of-Heaven's-Path/Bai-Chen's-Breakdown", 434Bai Chen's Breakdown
"https://www.webnovel.com/book/6831850602000905/24485718965404422/Library-of-Heaven's-Path/The-Night-Rain-Drenches-Every-Traveling-Downstream!", 435The Night Rain Drenches Every Traveling Downstream!
"https://www.webnovel.com/book/6831850602000905/24485721666538405/Library-of-Heaven's-Path/Expelling-an-Army-with-Words-(1)", 436Expelling an Army with Words (1)
"https://www.webnovel.com/book/6831850602000905/24485724334113550/Library-of-Heaven's-Path/Expelling-an-Army-with-Words-(2)-%5B2in1%5D", 437Expelling an Army with Words (2) [2in1]
"https://www.webnovel.com/book/6831850602000905/24485726498376619/Library-of-Heaven's-Path/The-Great-Xuanyuan-Formation", 438The Great Xuanyuan Formation
"https://www.webnovel.com/book/6831850602000905/24485728897516310/Library-of-Heaven's-Path/Lucid-Mind", 439Lucid Mind
"https://www.webnovel.com/book/6831850602000905/24485731044999962/Library-of-Heaven's-Path/Ding-Hong-%5B2in1%5D", 440Ding Hong [2in1]
"https://www.webnovel.com/book/6831850602000905/24485733729354526/Library-of-Heaven's-Path/I'll-Make-a-Breakthrough-Then!", 441I'll Make a Breakthrough Then!
"https://www.webnovel.com/book/6831850602000905/24485736698923963/Library-of-Heaven's-Path/Making-Breakthroughs-As-Though-Drinking-Water%2C-Reaching-New-Realms-Like-a-Walk-in-the-Park!", 442Making Breakthroughs As Though Drinking Water, Reaching New Realms Like a Walk in the Park!
"https://www.webnovel.com/book/6831850602000905/24485739903370022/Library-of-Heaven's-Path/Strength-of-a-Hundred-Thousand-Ding", 443Strength of a Hundred Thousand Ding
"https://www.webnovel.com/book/6831850602000905/24485742872939458/Library-of-Heaven's-Path/Slaying-a-Transcendent-Mortal", 444Slaying a Transcendent Mortal
"https://www.webnovel.com/book/6831850602000905/24485745540514608/Library-of-Heaven's-Path/Raising-Mo-Yu's-Cultivation", 445Raising Mo Yu's Cultivation
"https://www.webnovel.com/book/6831850602000905/24485747687998260/Library-of-Heaven's-Path/The-Frenzied-Mo-Tianxue", 446The Frenzied Mo Tianxue
"https://www.webnovel.com/book/6831850602000905/24485749852261320/Library-of-Heaven's-Path/Soul-Oracle", 447Soul Oracle
"https://www.webnovel.com/book/6831850602000905#review", 
"https://itunes.apple.com/us/app/qidian-the-best-webnovels-reading-app/id1234939196?ls=1&mt=8", 
"https://play.google.com/store/apps/details?id=com.qidian.Int.reader", 
"https://www.facebook.com/QidianReading", 
"https://twitter.com/QidianReading", 
"https://plus.google.com/118428022004113337450", 
"https://www.webnovel.com/feed", 
"https://www.webnovel.com/terms_of_service", Terms of Service
"https://www.webnovel.com/privacy_policy", Privacy Policy
"http://www.qidian.com/", 
"https://www.webnovel.com/book/6831850602000905/Library-of-Heaven's-Path#", 